{
    "OurlatestInsight":{
    "heading": "Our Latest Insight",
    "para": "Here you can find some of our blogs Related <br/>to the Business solution",
    "contentPara1": "This is my random text for the content para",
    "contentPara2": "This is my random text for the content para",
    "contentPara3": "This is my random text for the content para"

},
"Cards":{
    "card1":{
        "heading":"Lorem Ipsum has been the industry's standard dummy text ",
        "para":"This is the random text generated by me and not the lorem ipsum",
        "image":"https://ptemocktests.com/wp-content/uploads/2021/03/pte-describe-image-situations.jpeg.webp",
        "link":"#"
    },
    "card2":{
        "heading":" Card2 Lorem Ipsum has been the industry's standard dummy text ",
        "para":"This is the random text generated by me and not the lorem ipsum",
        "link":"#"
    },
    "card3":{
        "heading":"This text is demi i will change it agains ",
        "para":"This is the random text generated by me and not the lorem ipsum",
        "link":"#"
    }
}
}